----------------------------------------------------   
-- [Part4] 테이블 및 데이터 생성
-----------------------------------------------------  
use sample_db;

-- 제품 테이블
CREATE TABLE product (
  product_id varchar(4) NOT NULL,
  product_name varchar(255) NOT NULL,
  category_id varchar(100) DEFAULT NULL,
  price int DEFAULT NULL,
  brand varchar(100) DEFAULT NULL,
  stock_qty int DEFAULT NULL,
  rating decimal(3,2) DEFAULT NULL,
  reviews int DEFAULT NULL,
  PRIMARY KEY (product_id)
)  ;


---------------------------------------------------------------------------
-- 상품분류 테이블
---------------------------------------------------------------------------

CREATE TABLE Category (
    category_id VARCHAR(10) PRIMARY KEY,
    category_name VARCHAR(100) NOT NULL,
    description TEXT
);


-----------------------------------------------------   
-- 고객 테이블
-----------------------------------------------------   
CREATE TABLE customer (
  CUST_NO varchar(4) NOT NULL,
  CUST_name varchar(50) NOT NULL,
  birthday date DEFAULT NULL,
  gender varchar(10) DEFAULT NULL,
  regdate date DEFAULT NULL,
  status varchar(20) DEFAULT NULL,
  area varchar(20) DEFAULT NULL,
  email varchar(45) DEFAULT NULL,
  PRIMARY KEY (CUST_NO)
)  ;

----------------------------------------------------- 
-- 주문 테이블
-----------------------------------------------------   
CREATE TABLE orderitem (
  order_id int NOT NULL AUTO_INCREMENT,
  product_id varchar(4) DEFAULT NULL,
  CUST_NO varchar(4) DEFAULT NULL,
  order_date date DEFAULT NULL,
  order_qty int DEFAULT NULL,
  order_amount int DEFAULT NULL,
  order_status varchar(50) DEFAULT NULL,
  PRIMARY KEY (order_id)
)  ;

----------------------------------------------------
-- 테이블 데이터 지우기
----------------------------------------------------
TRUNCATE TABLE category;
TRUNCATE TABLE customer;
TRUNCATE TABLE orderitem;
TRUNCATE TABLE product;
TRUNCATE TABLE orderitem;
TRUNCATE TABLE product;

----------------------------------------------------
-- 제품 테이블 데이터 생성
----------------------------------------------------
INSERT INTO Product (product_id, product_name, category_id, price, brand, stock_qty, rating, reviews ) VALUES
('P001','무선 블루투스 헤드폰','C001',80000,'오디오테크',120,4.5,234),
('P002','스마트 피트니스 시계','C002',130000,'핏라이프',75,4.7,150),
('P003','유기농 녹차','C003',16000,'자연의 선물',300,4.8,98),
('P004','4K 울트라 HD TV','C001',500000,'비전프로',50,4.6,180),
('P005','인체 공학적 사무용 의자','C004',200000,'컴포트플러스',40,4.4,75),
('P006','스테인리스 스틸 물병','C005',25000,'하이드로맥스',200,4.9,210),
('P007','게이밍 노트북','C006',1300000,'게이머프로',30,4.8,95),
('P008','전동 칫솔','C007',60000,'스마일브라이트',150,4.3,110),
('P009','요가 매트','C008',30000,'젠플렉스',100,4.7,140),
('P010','소음 제거 이어폰','C001',100000,'사운드웨이브',90,4.5,130),
('P011','커피 메이커','C009',50000,'브루마스터',80,4.2,88),
('P012','휴대용 외장 하드 드라이브','C006',80000,'데이터볼트',120,4.6,150),
('P013','러닝화','C010',90000,'런핏',60,4.7,110),
('P014','무선 마우스','C006',20000,'테크기어',200,4.4,95),
('P015','디지털 카메라','C001',300000,'스냅샷',45,4.8,120),
('P016','블루투스 스피커','C001',40000,'사운드맥스',100,4.5,150),
('P017','공기 청정기','C009',150000,'퓨어에어',70,4.6,85),
('P018','전기 주전자','C009',30000,'퀵보일',90,4.7,70),
('P019','스마트 전구','C009',20000,'브라이트홈',200,4.3,95),
('P020','즉석냄비','C009',90000,'쿡이지',50,4.8,130);
 

---------------------------------------------------------------------------
-- 상품분류 테이블 데이터 생성
---------------------------------------------------------------------------
INSERT INTO Category (category_id, category_name, description) VALUES
('C001','전자제품','전화기, 노트북, 텔레비전과 같은 장치 및 가젯.'),
('C002','웨어러블','스마트워치 및 피트니스 트래커와 같은 웨어러블 기술.'),
('C003','음료','차, 커피, 청량 음료 등의 음료.'),
('C004','가구','의자, 테이블, 소파와 같은 가정 및 사무용 가구.'),
('C005','액세서리','가방, 벨트, 보석류와 같은 액세서리.'),
('C006','컴퓨터','마우스, 키보드와 같은 컴퓨터 및 관련 액세서리.'),
('C007','개인 관리','위생 용품을 포함한 개인 관리 제품.'),
('C008','피트니스','운동 및 워크아웃을 위한 피트니스 장비 및 액세서리.'),
('C009','가전제품','커피 메이커, 블렌더, 전자레인지 등의 가정용 가전제품.'),
('C010','신발','신발, 샌들 및 기타 유형의 신발.'),
('C011','야외','캠핑, 하이킹 및 모험을 위한 야외 장비 및 장비.'),
('C012','도서','다양한 장르의 인쇄 및 디지털 도서.'),
('C013','장난감','모든 연령대의 어린이를 위한 장난감 및 게임.'),
('C014','의류','남성, 여성 및 어린이를 위한 의류.'),
('C015','자동차용품','차량용 자동차 부품 및 액세서리.');
 
-----------------------------------------------------   
-- 고객 테이블 데이터 생성
-----------------------------------------------------   
INSERT INTO Customer (CUST_NO, CUST_name, birthday, gender, regdate, status , area, email ) VALUES
('U001','김종인', '1990-01-15', '남성', '2023-01-01', '유지', '서울', 'U001@TechMart.com'),
('U002','이대휘', '1984-03-22', '여성', '2023-02-15', '유지', '대전', 'U002@TechMart.com'),
('U003','박지민', '1992-07-08', '남성', '2023-03-10', '유지', '부산', 'U003@TechMart.com'),
('U004','손채영', '1988-11-30', '여성', '2023-04-05', '휴면', '인천', 'U004@TechMart.com'),
('U005','김남준', '1995-05-14', '남성', '2023-05-20', '유지', '서울', 'U005@TechMart.com'),
('U006','민윤기', '1993-09-19', '여성', '2023-06-25', '휴면', '서울', 'U006@TechMart.com'),
('U007','정의윤', '1987-12-25', '남성', '2023-07-15', '유지', '대전', 'U007@TechMart.com'),
('U008','김지현', '1991-04-10', '여성', '2023-08-10', '휴면', '대구', 'U008@TechMart.com'),
('U009','이종석', '1996-06-06', '남성', '2023-09-20', '유지', '서울', 'U009@TechMart.com'),
('U010','박보영', '1989-02-18', '여성', '2023-09-25', '유지', '부산', 'U010@TechMart.com'),
('U011','김태영', '1996-06-06', '남성', '2023-09-22', '유지', '서울', 'U011@TechMart.com'),
('U012','박진만', '1989-02-18', '여성', '2023-09-30', '유지', '인천', 'U012@TechMart.com');

 
----------------------------------------------------- 
-- 주문 테이블 데이터 생성
-----------------------------------------------------   
INSERT INTO OrderItem (order_id, product_id, CUST_NO, order_date, order_qty, order_amount, order_status) VALUES
(1,'P001','U001','2024-01-01',2,160000,'배송중'),
(2,'P002','U002','2024-01-02',1,130000,'처리중'),
(3,'P003','U003','2024-01-13',3,48000,'배송완료'),
(4,'P004','U004','2024-01-14',1,500000,'취소'),
(5,'P005','U005','2024-01-25',1,200000,'배송중'),
(6,'P006','U006','2024-01-26',4,100000,'배송완료'),
(7,'P007','U007','2024-01-28',1,1300000,'처리중'),
(8,'P008','U008','2024-02-08',2,120000,'배송완료'),
(9,'P009','U009','2024-02-09',1,30000,'배송중'),
(10,'P010','U010','2024-02-11',1,100000,'취소'),
(11,'P011','U001','2024-02-13',1,50000,'배송중'),
(12,'P012','U002','2024-02-17',2,160000,'처리중'),
(13,'P013','U003','2024-02-22',1,90000,'배송완료'),
(14,'P014','U009','2024-02-25',3,60000,'취소'),
(15,'P015','U005','2024-03-15',2,600000,'배송중'),
(16,'P016','U006','2024-03-16',1,40000,'배송완료'),
(17,'P017','U007','2024-03-17',2,300000,'처리중'),
(18,'P018','U008','2024-03-28',1,150000,'배송완료'),
(19,'P019','U008','2024-03-29',3,60000,'배송중'),
(20,'P020','U010','2024-04-10',1,90000,'취소'),
(21,'P001','U001','2024-04-21',1,80000,'취소'),
(22,'P002','U003','2024-04-22',1,130000,'처리중'),
(23,'P003','U003','2024-04-23',2,32000,'배송완료'),
(24,'P004','U004','2024-04-24',2,1000000,'취소'),
(25,'P005','U005','2024-04-25',1,200000,'배송중'),
(26,'P006','U006','2024-05-16',1,25000,'배송완료'),
(27,'P007','U007','2024-05-17',1,1300000,'처리중'),
(28,'P008','U007','2024-05-28',2,120000,'배송완료'),
(29,'P009','U009','2024-05-29',3,90000,'배송중'),
(30,'P010','U010','2024-05-30',1,100000,'취소'),
(31,'P011','U001','2024-06-01',3,150000,'배송중'),
(32,'P012','U002','2024-06-02',1,80000,'처리중'),
(33,'P020','U003','2024-06-13',1,90000,'배송완료'),
(34,'P014','U007','2024-06-22',2,40000,'취소'),
(35,'P015','U005','2024-06-24',1,300000,'배송중'),
(36,'P016','U006','2024-06-26',1,40000,'배송완료'),
(37,'P017','U007','2024-07-07',2,600000,'처리중'),
(38,'P018','U008','2024-07-18',2,300000,'배송완료'),
(39,'P019','U009','2024-07-29',3,60000,'배송중'),
(40,'P020','U001','2024-07-30',1,90000,'취소');
 

COMMIT  ;

 
--------------------------------------------------------------------------------------------------------------------------------------------
 
 
